image_id,image_path,image_hash
1,D:/Mesdocuments/Photos/Sidney\20120812_191029.jpg,dcbb8c75f6690c40d8c219acc493659384647a6d9d3b8b3789ed66e9bd744c44
2,D:/Mesdocuments/Photos/Sidney\20121226_005028.jpg,a436e011d3cede4d99ff587f6d9d46e64e7166c3662221b4d9bc9a40568b1213
3,D:/Mesdocuments/Photos/Sidney\20130208_203834.jpg,f778fc0471f3c9c316f0c5c35f814257cce2578b301c719c7388c65ece30ec72
4,D:/Mesdocuments/Photos/Sidney\20130208_203907.jpg,9097e0800fe99d6bd435f40027c410ff1b513f7fef9ee00220c383d91f5f3dac
5,D:/Mesdocuments/Photos/Sidney\20130208_203925.jpg,80797f00819614b06c3cc40d18cf39d9e7184fb26df6c12f9bd9387bcf3e8f24
6,D:/Mesdocuments/Photos/Sidney\20130208_211305.jpg,f0e1469a4ee6d8c73399bb178e71234721cec72871f59de1077370f468790239
7,D:/Mesdocuments/Photos/Sidney\20130208_211312.jpg,f39883334e7964b39cce3c642384333a0ccc3e723719ec760ccf0fee3f190c66
8,D:/Mesdocuments/Photos/Sidney\20130208_211319.jpg,b076be65918dda8948f2c97a15ed3c83e2d4c47f8f48532938863c164f3ac5b9
9,D:/Mesdocuments/Photos/Sidney\20130224_133057.jpg,d4e1c41d0f1fc189de6a83e073cd3df88b787e8f39c09b19fe523606d8209c3c
10,D:/Mesdocuments/Photos/Sidney\20130517_193753.jpg,d9b4c1b66cf6a4923192fe72564b49d9a4c90eee700c53e6a973a533b78c509a
11,D:/Mesdocuments/Photos/Sidney\20130517_193800.jpg,cc5da3c1b3235c2eddd04a997227943aa5caa5caf5317a15ca57035a8decb4a5
12,D:/Mesdocuments/Photos/Sidney\20130517_193810.jpg,f730da8278d7d3e26161b071353ea587b527bc343c74e2604ece7f46e5028768
13,D:/Mesdocuments/Photos/Sidney\20130517_193832.jpg,dfe29ac5f0819d192579e1f8c58c038673d6f3c2c339c039e63d738463c43b72
14,D:/Mesdocuments/Photos/Sidney\20130517_193846.jpg,b0bca52c0b6b9b239b2d9b56b353b2d8b0e2be26a789a4d294b696b6e094a8d6
15,D:/Mesdocuments/Photos/Sidney\20130517_193925.jpg,bc47ed6347f9c2b8c4b7c4ffd04bb84fec024c34580ddc0fcc093d043d84bf83
16,D:/Mesdocuments/Photos/Sidney\20130517_193937.jpg,c8a6dd71b4cdb268ac62ecc22931cb230a6eda88029b74b30f8efda417f3f42d
17,D:/Mesdocuments/Photos/Sidney\20130517_193950.jpg,8c534a3a738a919d852614a708b79a4c333b376237bc7699fa14f333f0e7e485
18,D:/Mesdocuments/Photos/Sidney\20130517_194001.jpg,b4a7ca6475d2cd515cb0474f1cad15860f1c2cdc2f06fc3cfbc3f618f090f066
19,D:/Mesdocuments/Photos/Sidney\20131226_213306.jpg,939fd064f1916c1c5f4e3b878f8c27e318fd01f1bc3e2827199e3507cee0ce21
20,D:/Mesdocuments/Photos/Sidney\20131229_134121.jpg,f0cbc77c0e24f0cf2518de64318bef5412efd9103bf7764d9fb9488236656009
21,D:/Mesdocuments/Photos/Sidney\20131229_134125.jpg,f144ce395cc6239955688af751083cd5426add5c0889775e4a20dddf23baf4dd
22,D:/Mesdocuments/Photos/Sidney\20131229_134145.jpg,d857c79dad62aa8b46b23d6ec359feb6190d2b529224d189c7563855c3bfb400
23,D:/Mesdocuments/Photos/Sidney\DSC01099.JPG,cb064b8327a533ab38c936f236a666cd29ce34ce98ad99b1a6969b4b892b26b3
24,D:/Mesdocuments/Photos/Sidney\DSC01111.JPG,c334bcc3f84c90b62fcb7f4290adadf06702480548df97fe732056cce4ddb530
25,D:/Mesdocuments/Photos/Sidney\DSC01220.JPG,f18ef8c366799d26183666f1b416995a6dcda43c95094a97a25ee96f4e819295
26,D:/Mesdocuments/Photos/Sidney\DSC01222.JPG,c0671fcd333960638f9e3852d6650e3970fe461371e465cb93b49cce2a939939
27,D:/Mesdocuments/Photos/Sidney\DSC01224.JPG,c3879c711c7e661c1c7123c3c70ee57b83e0cf5fa8f81c1d78af0098c187c7ec
28,D:/Mesdocuments/Photos/Sidney\DSC01230.JPG,d324e6dce796bc6ca41ba137ab60b341927f769fa98ca4d9b671b904281c4e46
29,D:/Mesdocuments/Photos/Sidney\DSC01234.JPG,c51cfcf91cf3fc64a6214e377623b3010b1f84cce7402e5dddc111ff41c2fe01
30,D:/Mesdocuments/Photos/Sidney\DSC01238.JPG,b5208780c458ef845974db2ffe40f01ffac1fa09b6fb76017f0004e8f7bf43c0
31,D:/Mesdocuments/Photos/Sidney\DSC01260.JPG,c787cc9c38f970e3cf3cb9e43663b69393a7d3c4cf386c3121c426cc90c6318b
32,D:/Mesdocuments/Photos/Sidney\DSC01261.JPG,83c747b3283899f6da8a2f5d45ab8ad795486ca88d7491ab589ca64fe4b2931d
33,D:/Mesdocuments/Photos/Sidney\DSC01264.JPG,cdc58a0e339ae3660c209e28c397b5b6f67890823a72bd3498ddec73b78c5c2d
34,D:/Mesdocuments/Photos/Sidney\DSC01265.JPG,9c888502f5c69bc8d8106ec029dfd798c66de748b9328309b7fccaaa82f73f4d
35,D:/Mesdocuments/Photos/Sidney\DSC01274.JPG,d7616db7c2baf2c00c3f6e42f706085962c591a76a6aa513e8f3725891b5eae2
36,D:/Mesdocuments/Photos/Sidney\DSC01283.JPG,9b34a499f90e88f3c7caa3333ad94e46b461f3984e4a62e78d3c9cac8f8c235a
37,D:/Mesdocuments/Photos/Sidney\DSC01328.JPG,8bba644a3b4173bd3c3fb8cef13dcad24be04b496c428d1bc1a1dba536c4781a
38,D:/Mesdocuments/Photos/Sidney\DSC01361.JPG,e777c657995439959b9d9cba1c8242f6524e134bc269664d63e578256b34192e
39,D:/Mesdocuments/Photos/Sidney\DSC01363.JPG,87989ceeb367252f7998ce13ac7c37ad7a989364d566950953094ed9ba50a0c5
40,D:/Mesdocuments/Photos/Sidney\DSC01364.JPG,f0e9fd581f5e4e3742a515d50b5b81fb81aaa0b4f076221fac1f4885571edac1
41,D:/Mesdocuments/Photos/Sidney\DSC01365.JPG,d38f3ced0c6c461633179d49e48b60a69e6dacb53136c266d393791b6858666d
42,D:/Mesdocuments/Photos/Sidney\DSC01372.JPG,b965bb757ad7648b85aad936735c256c04ccc953b942b5b61892094b077c36d6
43,D:/Mesdocuments/Photos/Sidney\DSC01373.JPG,b299b29b1967396d8a96a32c294d2ae5a2b7696b494b2ad9ca93594a3b4a735a
44,D:/Mesdocuments/Photos/Sidney\DSC01375.JPG,ab4dbb660db6ad5b64928b265a246c9453e1ba55555e8a53a55b32cc8d264ead
45,D:/Mesdocuments/Photos/Sidney\DSC01379.JPG,dc83bc8137046a27ad1cd60e72df7fdc1dcc198d1b9419d83399fd05d982c1c3
46,D:/Mesdocuments/Photos/Sidney\DSC01385.JPG,d999dd0c1f4cccdc7c969726f5b239998932b7b39b638c322f638c11a409b661
47,D:/Mesdocuments/Photos/Sidney\DSC01386.JPG,d07e807e273fd909980527078cb3c710b6c4b4c1893bcbfd4f6d30cc14b39dbe
48,D:/Mesdocuments/Photos/Sidney\DSC01391.JPG,b4636da1652b8a7b9ec49cd2382619ad03dd0fc8e1fa1e940c47e43d9f67f248
49,D:/Mesdocuments/Photos/Sidney\DSC01393.JPG,cc9a9e92b775e16dee258e3328da418e0bde191db941e1d1bc3b4c1d42b16333
50,D:/Mesdocuments/Photos/Sidney\DSC01394.JPG,d2a453f62b526eeb6589ed4c263916f8f59433961512f8473243911bd8dd8b63
51,D:/Mesdocuments/Photos/Sidney\DSC01395.JPG,c973cd61c598b68a3c6936eb27ea41a53eb52f30017690a6aa060f5dc5fb889f
52,D:/Mesdocuments/Photos/Sidney\DSC01399.JPG,911268d1c54a753b1cb6dc765f6ed2aa6eb66198de28c26d98352fa3282f126d
53,D:/Mesdocuments/Photos/Sidney\DSC01404.JPG,aa14aa556453b552eb554ba559a69e2afae9a555b152a29387d5152a5eaada31
54,D:/Mesdocuments/Photos/Sidney\DSC01437.JPG,9c64669b219fcc60d6f229dfd10d6eb4a4d2d3482dfddd3eb483024b0528faa5
55,D:/Mesdocuments/Photos/Sidney\DSC01439.JPG,cc7d4e39261a2f8699643065b03950993ac4dfc729e3f1cd582b84f966dc2fc6
56,D:/Mesdocuments/Photos/Sidney\DSC01441.JPG,95944cabea5395bf2ccc322749922cccd332a59b7ac60d5bfa5d952236950e56
57,D:/Mesdocuments/Photos/Sidney\DSC01444.JPG,9ced4c46625cb3ad6933d998866b9d216c9c64d6f84eb1278393625ad92ecca6
58,D:/Mesdocuments/Photos/Sidney\DSC01466.JPG,894ceb5caa5522bb0aaa8eab3995314b31f956fc46a46556d7698d755c966894
59,D:/Mesdocuments/Photos/Sidney\DSC01467.JPG,be2fef7c11d08893fe0384d8ae7d73b710ea00665511a880a39dfc0edfe65c51
60,D:/Mesdocuments/Photos/Sidney\DSC01469.JPG,fd8707e0283fe81cb700df8b50fb51c5561d472af56ab18da887a315aa54aa57
61,D:/Mesdocuments/Photos/Sidney\DSC01472.JPG,d76ed292682e87f5712114aee7a6129042e27a4b8f9aa1ecbe312da78e646796
62,D:/Mesdocuments/Photos/Sidney\DSC01476.JPG,d8a6e666279b722c6a6dcdf2742726733694b18dd1d89e13876731b29a1988a9
63,D:/Mesdocuments/Photos/Sidney\DSC01477.JPG,97a2ba07398d719b4f38a8e5971898fb2cc453ced86e6ed4b07adb3406c258e1
64,D:/Mesdocuments/Photos/Sidney\DSC01478.JPG,c976ccc76688916ed04f3337afb2cce01ec01d0ec0fef23420ddcffc77000f91
65,D:/Mesdocuments/Photos/Sidney\DSC01479.JPG,c349e59273c490cf634eccf20e9c1b390a3360c6cdc7e7e7df2f371819320ce4
66,D:/Mesdocuments/Photos/Sidney\DSC01481.JPG,8f87bf43b9dcce70b9339ce89c7088ea3574569c4b7269b92e70252db6929248
67,D:/Mesdocuments/Photos/Sidney\DSC01482.JPG,99d4b1a2233799697233d89a6ccd956c54925aa949556d6baab5a55ab52d9496
68,D:/Mesdocuments/Photos/Sidney\DSC01490.JPG,df8186d329f4e66d961fcde421e564139b4dcccc3c92926cc1813d90b66fb323
69,D:/Mesdocuments/Photos/Sidney\DSC01491.JPG,8d999dd832fcccc83b08230e390e3e262e4d0713ce38cf1dce733b87273363c7
70,D:/Mesdocuments/Photos/Sidney\DSC01492.JPG,a670947018fde133c63332e3bbb9f81938a8303c767439e61dcc8cd8987bae33
71,D:/Mesdocuments/Photos/Sidney\DSC01572.JPG,9946e0d962b53bec1f88de288c75087640be66ab33a7b7c719c7caa54c713c38
72,D:/Mesdocuments/Photos/Sidney\DSC01573.JPG,910ce1ba66633fd3b702980a4aa15d516e14b69837b8d3ece3868b97cdd69ce8
73,D:/Mesdocuments/Photos/Sidney\DSC01578.JPG,9e7b64d07b43b3836c1c9b321106de3d617bcbf9672c8e4c0765da46e1a0c9e2
74,D:/Mesdocuments/Photos/Sidney\DSC01579.JPG,c5882ddcb02df2375ab106da4d6cdc7ca54526830bbd21fde17af3d225431257
75,D:/Mesdocuments/Photos/Sidney\DSC01580.JPG,c11899190ee5dca47bcab36a2130169d8c974f976f4a9c8805a2a2ab92ebeffd
76,D:/Mesdocuments/Photos/Sidney\DSC01581.JPG,c426962437d9995c590460cd02b347fb9fb2bd522416982e34ec9ff607696fad
77,D:/Mesdocuments/Photos/Sidney\DSC01582.JPG,c4422fdfb3a5a1b26af6e6604002dc98ffdc11a232f73b650b08463e8f3faf48
78,D:/Mesdocuments/Photos/Sidney\DSC01585.JPG,d31b98e059f41f821ceecdf855c26c6ee3e2353e8963268bcdf3035d2498c750
79,D:/Mesdocuments/Photos/Sidney\DSC01586.JPG,c139c66bf6443cccd9eec2d4b999370b92260abcad4c992933390db56b33ccc6
80,D:/Mesdocuments/Photos/Sidney\DSC01588.JPG,83f4639a2e37fcadb513e35c697871ab718470cd2685131e640f863e4b1cc47d
81,D:/Mesdocuments/Photos/Sidney\DSC01589.JPG,cc40817bd38f99366e78b3e7640c4c9c98b3b6379372690e8d6c34ae9a5d6293
82,D:/Mesdocuments/Photos/Sidney\DSC01590.JPG,cf98e408d3e31d73ce2dc9ec1ac4b59a2b36c6e9705987a2b9548ae5c46a35a5
83,D:/Mesdocuments/Photos/Sidney\DSC01592.JPG,895dcd6e6a1a3a549d01be5090b9d6dc1ee86f18274a25c7a1dabdca1ed59c1a
84,D:/Mesdocuments/Photos/Sidney\DSC01595.JPG,96b41e34473aa58ee587e5733e1bd78a38cac67729a12134246f9e8b64e46a8e
85,D:/Mesdocuments/Photos/Sidney\DSC01599.JPG,e0d9a0df80da4a9b6eb215b69ca637cc1b4d6b2c6db484b00fb233d61bc9496b
86,D:/Mesdocuments/Photos/Sidney\DSC01600.JPG,b38713f04b39f4df26c66e2493e990b069b26e1d664cf66391b2491c6919b6d9
87,D:/Mesdocuments/Photos/Sidney\DSC01603.JPG,a00e1e66cfe57d991c13c30663e29e63620cb4ec999b6b8f94e3cb7864ae9343
88,D:/Mesdocuments/Photos/Sidney\DSC01606.JPG,815e5f876693b0739334312c738464e7ee61e74d718c329c3b992d592d798c71
89,D:/Mesdocuments/Photos/Sidney\DSC01609.JPG,b6cc3331199c99ceccb33cccc999e3cce6730c73c998673936730c33f0c9c18c
90,D:/Mesdocuments/Photos/Sidney\DSC01610.JPG,ac8cc64bc64cd924d936649973993bcd9a6329b38cd944ccc3237333f992f8cc
91,D:/Mesdocuments/Photos/Sidney\DSC01611.JPG,b679738ec987cccc6706e30ccc8ff339f1c6f8c93318f3661cc639980e0c0e33
92,D:/Mesdocuments/Photos/Sidney\DSC01612.JPG,ca4e8d299323da46cd693249d19ac96cda4ccd936372b24c38db36da366936d3
93,D:/Mesdocuments/Photos/Sidney\DSC01615.JPG,c8f195c5370e99b2d8eb6a9c60f078e79334918934c376883a77db584a9b3c78
94,D:/Mesdocuments/Photos/Sidney\DSC01616.JPG,c1113f8c34c2ce62d963c99979953646e45a70b9a37494cd64db64b6733c9b6c
95,D:/Mesdocuments/Photos/Sidney\DSC01619.JPG,ab9a6a126b940db59e2106f9163d13bc58fe69eb50f3b3a591b1534a45ca54a7
96,D:/Mesdocuments/Photos/Sidney\DSC01622.JPG,91cd03cfb3e9f2a1738c23dce3e0e3e2a727860ec60ec3e243e2c3c3a1d4a5dc
97,D:/Mesdocuments/Photos/Sidney\DSC01649.JPG,834dcb4d342d356752aba5a2edd0e5ca4baeb2d884945c48ab4b71f5755436a5
98,D:/Mesdocuments/Photos/Sidney\DSC01650.JPG,925bca1a94b5246a52e9b24cd55b434ddba5615f5a12aa9bc955d6cabaa238bc
99,D:/Mesdocuments/Photos/Sidney\DSC01656.JPG,9d53f23378580d16058613a72e4d3fc1ae72e52ec6a560c8696ab4edb3760b73
100,D:/Mesdocuments/Photos/Sidney\DSC01657.JPG,91dc2730266b9c8ccdc6f32376716cc80c99999b9a7c72e668939db3cc83cb29
101,D:/Mesdocuments/Photos/Sidney\DSC01658.JPG,cb25596925dd3652cc32118dc6c0663bc5c9f089672867fa3a9773223a7fe3d0
102,D:/Mesdocuments/Photos/Sidney\DSC01659.JPG,b033ccb3d9e765cc264cbaeb0438c678c60c97694ffa188b33dd71b0d1b688a6
103,D:/Mesdocuments/Photos/Sidney\DSC01660.JPG,d25a46f62d260c996df28d65c2d9e964e629ccd3c6e49b7061dc73438b63d348
104,D:/Mesdocuments/Photos/Sidney\DSC01661.JPG,d29644a4296844936a64d60fcd93eb4ecccbcd8e8f669f334f1b6e194e4ca916
105,D:/Mesdocuments/Photos/Sidney\DSC01662.JPG,d26535a72d658849369cce37994e661a6f1a62c46c9c99b907ab6dcdd63112ce
106,D:/Mesdocuments/Photos/Sidney\DSC01664.JPG,c456387d39d9731e963234f29126661c22dc53e56924cc5b9b4969764ececcbc
107,D:/Mesdocuments/Photos/Sidney\DSC01665.JPG,9264126dcd19cbdbd6bf2648b659cad1e40a3f749325979460ba7f9300e70bd8
108,D:/Mesdocuments/Photos/Sidney\DSC01666.JPG,c9304da476cc76fb8a664147811bc13b49ee58cc9599d984edcfae5a191179f4
109,D:/Mesdocuments/Photos/Sidney\DSC01667.JPG,ca38c72787cd936cb9a7b8d92b89bc82e370e4b4a0f06d25b65c392cac1ebb42
110,D:/Mesdocuments/Photos/Sidney\DSC01668.JPG,9897c29965ad2d852e4b1b396c9cf22e7b1b32ec1bf270c832667a0399d734c3
111,D:/Mesdocuments/Photos/Sidney\DSC01669.JPG,d0d662cd6f253e2a313649f8c7c1c3c241b4d6cb9e2f872692db1a593d2669b2
112,D:/Mesdocuments/Photos/Sidney\DSC01675.JPG,ed2a0dc152714291ce885d7fb13621f107ca6e4c789f385e13b671efdeb064c8
113,D:/Mesdocuments/Photos/Sidney\DSC01676.JPG,826026b73df2398ded9ce26063c945d54f1e1f03586b7b3601ebc5d59b1c990b
114,D:/Mesdocuments/Photos/Sidney\DSC01679.JPG,cb83c70b2d453cc7eecbf59cf90c818661b81bc991e4ff03e4831c0f003facbe
115,D:/Mesdocuments/Photos/Sidney\DSC01682.JPG,e40b1fdc3325e93244ea1ad5b751550860e50ef6ee31d41c19e67bebe6281e2e
116,D:/Mesdocuments/Photos/Sidney\DSC01683.JPG,99b69dd6ba4b366a0e2288980ec9ee8ca5567733b1e99929d38c9cf504abc5aa
117,D:/Mesdocuments/Photos/Sidney\DSC01688.JPG,838217162e2d7949d91bcc9b9634f2067db33a4b97e391b04d9ae6e4907626f9
118,D:/Mesdocuments/Photos/Sidney\DSC01689.JPG,9c0d03f4b195cc2e6190107be4fc9abed16363fb321bdd540722f89f2fca7281
119,D:/Mesdocuments/Photos/Sidney\DSC01691.JPG,9251cb655d8206ffb311f00661e47024199fcb1af6da31dc9c791ed3fb44e06d
120,D:/Mesdocuments/Photos/Sidney\DSC01692.JPG,9a395316c94e624b69e094b798f5f8b6765e2e6a96892621d9932c91589bb66d
121,D:/Mesdocuments/Photos/Sidney\DSC01693.JPG,8dabc7353756b6dad2b96a750d46cd5628adf481a2e2c5628d64aabcba185619
122,D:/Mesdocuments/Photos/Sidney\DSC01694.JPG,a07d1eef6c2881764b16b1c1de4f607bacf0f3804ea5ef2f49be34e294028795
123,D:/Mesdocuments/Photos/Sidney\DSC01698.JPG,f8a0601ee07fe0f89faa600087859e0ff03f0b7ef81888fe2070a3e7fd69ebc1
124,D:/Mesdocuments/Photos/Sidney\DSC01699.JPG,d0593e4c61aa85859c5670f09b49f21a27b66cc51fdb69348d69d9599f25629e
125,D:/Mesdocuments/Photos/Sidney\DSC01907.JPG,c0c4c644ec4aad4b9495d8d2995b396934ac2494099a9b99d36dcb676de776a7
126,D:/Mesdocuments/Photos/Sidney\DSC01910.JPG,b988aec2e677966cc2ec0b5b815b06e4d6a41fc89d4b2e911a17c92e0c2db57f
127,D:/Mesdocuments/Photos/Sidney\DSC01915.JPG,d38dc9b9ed6292069605362d217bcbd6ce94243c32d320c3a59acd9a59f62cf7
128,D:/Mesdocuments/Photos/Sidney\DSC01916.JPG,bab31246e719357c9487ec6a32d8cd076ef49a6c91b3b5b02c99ac3c926a6935
129,D:/Mesdocuments/Photos/Sidney\DSC01920.JPG,981971d36fb181bb970f12f44062ed6d24a59a98930a6d8d1cfc27535317d3f9
130,D:/Mesdocuments/Photos/Sidney\DSC01923.JPG,88e70ce45f389731a3c86b8c9b3295397d5d8ad182ca770bbb3139145d8e9eaa
131,D:/Mesdocuments/Photos/Sidney\DSC01925.JPG,8444f004f7995fd987f7191f3b4656926485a5a869695b4fbadab69616b44529
132,D:/Mesdocuments/Photos/Sidney\DSC01929.JPG,ce66e31a3b338b118398d16af819de1b198a11f09a95ba8b755b2dd928dbce1a
133,D:/Mesdocuments/Photos/Sidney\DSC01947.JPG,859ddf647db11e074740b130f8417c28351e5a4b67b799c964e63871dc9e624f
134,D:/Mesdocuments/Photos/Sidney\DSC01951.JPG,a452f585934c0cf3de6de0da03263359dce6c13987b63cccf8e3006cc73e7788
135,D:/Mesdocuments/Photos/Sidney\DSC01953.JPG,e14aa94a587218619c79ac5c4a5d9c948cb4db2c8e5e26369b4f6e4d6e7b939a
136,D:/Mesdocuments/Photos/Sidney\DSC01961.JPG,8a479716bd6af0b27ad4a56b068769e2b52f7a556a529c7ef41861f12835f208
137,D:/Mesdocuments/Photos/Sidney\DSC01963.JPG,ec5b1ec99618ec73ce3747161b9f399ff859049c56f6dc01a51480687cf09e19
138,D:/Mesdocuments/Photos/Sidney\DSC01964.JPG,e97bd179e214c677c7d907943d84f0420363de32d03f27fb3f0a5d1c18e4e301
139,D:/Mesdocuments/Photos/Sidney\DSC01966.JPG,9428e442bddd8fd5626520394c37af98b7ac88ae5f1e41ce47e0681cb5871bf3
140,D:/Mesdocuments/Photos/Sidney\DSC01969.JPG,9e46e192f00438fc860ebf8ce1cfce13a1f0132e9b619f83cd9044a762bee3f6
141,D:/Mesdocuments/Photos/Sidney\DSC01973.JPG,84b19e399e58a5e17585c14a2fbb8c1e2546fb878a4eb57cd42979a2ea86d31c
142,D:/Mesdocuments/Photos/Sidney\DSC01991.JPG,f04cd0e33c382d196c78b4cfcf872d09697bb6424f162dade05b9c432fc0e87c
143,D:/Mesdocuments/Photos/Sidney\DSC02008.JPG,f040f040f1001b031f041e38fc78fc780df107c307c7c7c7ebccf1fe0ffe07f8
144,D:/Mesdocuments/Photos/Sidney\DSC02017.JPG,dd3718c830724326b4c7c63a671f30cc9b60b6cdcc65cdcb6991633839c99f33
145,D:/Mesdocuments/Photos/Sidney\DSC02018.JPG,dac7594fe72aa6e01d81fb1b75b9609cc95dd86b05fb6fb08ec01d0214403e3b
146,D:/Mesdocuments/Photos/Sidney\DSC02050.JPG,800c4ff2e0273efccc90c16733eccc9b616d3360ec9e3e0f90e3659c0ecbd8f2
147,D:/Mesdocuments/Photos/Sidney\DSC02052.JPG,eb4f6b0f770f3a8cd68e2f5b95b1c8a0c8e39a632131f18c26cc164edb23e123
148,D:/Mesdocuments/Photos/Sidney\DSC02151.JPG,d6750fda6b9dd42528dac7a51442ebdc9ff1754b80bd3fc340029875e1c03f21
149,D:/Mesdocuments/Photos/Sidney\DSC02159.JPG,f015f3b8cf6ace15b88eb848e36405cd148f1a0a686d69f0e7d2d7999a1dd874
150,D:/Mesdocuments/Photos/Sidney\DSC02161.JPG,f3330e8d3c46a3994c60a2e76e8a90734e8a717ece83797c0e81697e56a1eb8e
151,D:/Mesdocuments/Photos/Sidney\DSC02164.JPG,d56268d5b25d941e2a1776aadaadc9b6d4aa36491552ed95c155a9253da516c9
152,D:/Mesdocuments/Photos/Sidney\DSC02171.JPG,ac56b324ccb93198ac5bf326d4230ccc29d9f28dd7324ce62b5ef5ccd22588b3
153,D:/Mesdocuments/Photos/Sidney\DSC02173.JPG,fafa05b5c65b60e899149921661366f0ffcdfbaaf6a38932c1a1764866d0fc40
154,D:/Mesdocuments/Photos/Sidney\DSC02174.JPG,b5cfdab14c663351dce9e296c9691487b558e0a54a909d6b749a74acc9551b6a
155,D:/Mesdocuments/Photos/Sidney\DSC02191.JPG,9ccc63335a498c8c236352de0da9a9677294cf5bacac7372594d8c8eb3935ca9
156,D:/Mesdocuments/Photos/Sidney\DSC02194.JPG,90946f23f05bdb4834b7f1906b6b70f61990d6fd2e03d8fa8f29d6692794e024
157,D:/Mesdocuments/Photos/Sidney\DSC02195.JPG,d64221bdf362cb7d249070436b6c78193cf7fc0503fcbe40cdabc71c20b7b750
158,D:/Mesdocuments/Photos/Sidney\DSC02196.JPG,902d3f12c0b73bcc14238ed03d2be2357bca9cb5c6527b8d2474f98b9ed4272a
159,D:/Mesdocuments/Photos/Sidney\DSC02199.JPG,999749b32674f664ca46932969317cd7b18b60f0676dde0a20d641fd8bd96e05
160,D:/Mesdocuments/Photos/Sidney\DSC02206.JPG,98c6771962268dd9b2667e1f09d8ca63373dc8c675daa2211d9dc8e263019eeb
161,D:/Mesdocuments/Photos/Sidney\DSC02213.JPG,d5556aaa2555dad514aa6155dfaa1005eff5880af6f621251bdaf70500eb7d54
162,D:/Mesdocuments/Photos/Sidney\DSC02218.JPG,c4b6024fb311cdb04ac81a4fbd37d329cac82ce49a676316e59994cbd8e6637b
163,D:/Mesdocuments/Photos/Sidney\DSC02220.JPG,d87dcb0787c3d2b1cb40dace1639e46b0cce94741e67782e362262ce7b8361b3
164,D:/Mesdocuments/Photos/Sidney\DSC02221.JPG,8592458245823fd13b743add327d727d627f601c669b3387278337863b2635ea
165,D:/Mesdocuments/Photos/Sidney\DSC02242.JPG,f18ef18e85181ddc698c271c7e38e109973dbc7650aacb9d6c43646613f9ba89
166,D:/Mesdocuments/Photos/Sidney\DSC02250.JPG,a96b2b4af69297b499edd00d96cf37a5f08094d09087f30f93cf90c9b0e995aa
167,D:/Mesdocuments/Photos/Sidney\DSC02252.JPG,d5a0099e6a5f5351f7c074a12caf0c7d2269e3467a46bea59cbd233f234e708a
168,D:/Mesdocuments/Photos/Sidney\DSC02268.JPG,919c8c63f3b24c8d5373299c5466a389f8e56923b5dc46632aa5c35cc46b376e
169,D:/Mesdocuments/Photos/Sidney\DSC02269.JPG,98cca73191930ccc731c598b4cc7f18caef76873599cb463557169cceb33038b
170,D:/Mesdocuments/Photos/Sidney\DSC02270.JPG,994fa5b4db0864bf57593924b05fcea8f0864745a4d8d20f6fbca45054536eec
171,D:/Mesdocuments/Photos/Sidney\DSC02271.JPG,98c3a59c926b2ca3469a596084579959e492baab596935d1b717417ccba9beb3
172,D:/Mesdocuments/Photos/Sidney\DSC02272.JPG,8860a694fddf3b6144991b06a648c999bec716b20beda593d2248fcbb51e58f9
173,D:/Mesdocuments/Photos/Sidney\DSC02273.JPG,c9e0b6c1d8139b6c66eb59a2095da63e562ccbd2add79425528d2f9e355251e1
174,D:/Mesdocuments/Photos/Sidney\DSC02275.JPG,c203c33fc33fe230c4e4e067e072ec631ce61cd47ce49ccc27941f4f9e0eec0f
175,D:/Mesdocuments/Photos/Sidney\DSC02277.JPG,933471b464e42c74e6cbacdba4d321b33c3159a45b3cd86cda468a6e8763a66e
176,D:/Mesdocuments/Photos/Sidney\DSC02278.JPG,80754c77cc9a9a3acc2a6565a555b25492c553ad69644d774e725afa66aaa59a
177,D:/Mesdocuments/Photos/Sidney\DSC02295.JPG,ff807f8077c0b760dc5acc36447e0abf099d3ccebc0fdd07c4c5c164c268a2b9
178,D:/Mesdocuments/Photos/Sidney\DSC02297.JPG,c02a642a31573bd57b9b4efd2eaaa20ab2eebbc61d441d11113191bfdbbd5888
179,D:/Mesdocuments/Photos/Sidney\DSC02298.JPG,de75641f33e5330f29721c12b5f9b3d934991c621a26df6698e6891b0b996958
180,D:/Mesdocuments/Photos/Sidney\DSC02303.JPG,96f632ea616a61541936a8a4e9a4f3c7565657d86612f6f592b589602d0f799a
181,D:/Mesdocuments/Photos/Sidney\DSC02305.JPG,c49c469d070cb10631f3cc67d8f7b09838384b1e365eb65f4bb54da3a4e3aa69
182,D:/Mesdocuments/Photos/Sidney\DSC02308.JPG,ff433f558550e87f9c0fe180a07a8f0fa17ab87ca50f8070b43fcbe1b4b8e0a1
183,D:/Mesdocuments/Photos/Sidney\DSC02340.JPG,d3427b249734329272428755fab69ad7ded542d873598d5b2d42b559a509256d
184,D:/Mesdocuments/Photos/Sidney\DSC02345.JPG,d529d52d2994ad568d5aa9d53199667d266442e569afbaad88b9d9aa99aa019a
185,D:/Mesdocuments/Photos/Sidney\DSC02347.JPG,d6a5d7a5ad6a3562dd224db38dda1dd88d88adca3d6addd82d88b14a754a8488
186,D:/Mesdocuments/Photos/Sidney\DSC02365.JPG,ca66ca4d53f93951e28c94a760367b929c0b16f2738df6795f220894b6c1797a
187,D:/Mesdocuments/Photos/Sidney\DSC02366.JPG,c847ce4d53fb3b7962cc84e6642571bef9c186333586a20dd72a5d0a9ec4d931
188,D:/Mesdocuments/Photos/Sidney\DSC02367.JPG,d4798c7af9d6065172353f85807e7c11178cc07cfc4307f038077fec80689d7f
189,D:/Mesdocuments/Photos/Sidney\DSC02370.JPG,907aac1b8ca6f7621157fc15cfc04ffd001efb4023d3edff840057cf77461034
190,D:/Mesdocuments/Photos/Sidney\DSC02371.JPG,b48ce9a649cf13c66692d6f03971bab4d53cf6488207046ff2f63ba40792af15
191,D:/Mesdocuments/Photos/Sidney\DSC02374.JPG,907c8f8f0f0e725950393f79eed1306b9ad2c4b2595f27c0e2278c3e1780725f
192,D:/Mesdocuments/Photos/Sidney\DSC02380.JPG,c000dad25a9ad12cf5a43ef65e3bfd08adc5c37506b81ec49956fd2d70b98193
193,D:/Mesdocuments/Photos/Sidney\DSC02391.JPG,c94eae482cd96c596f5a6ebe47e2282a9b641234326516d294bf97fb36116cb1
194,D:/Mesdocuments/Photos/Sidney\DSC02392.JPG,8a49a5b6d969c25b73b674cd046e9b30e2d9f1e6551a18390ae467c1953f9c9c
195,D:/Mesdocuments/Photos/Sidney\DSC02393.JPG,8c38a105b2c2c4c06b527da57a4e3e142e599fd09baacff6c4dd449a7237b876
196,D:/Mesdocuments/Photos/Sidney\DSC02394.JPG,8c46a8c3b339cf5c4ea76f7232f11b6a199d803ae0466007470b8fa3bf743cfc
197,D:/Mesdocuments/Photos/Sidney\DSC02395.JPG,c294a5ad9a42c5387ab362c7550c6dba2af61e654183e19bfc54ba7c3bb341c3
198,D:/Mesdocuments/Photos/Sidney\DSC02398.JPG,c910b6c4dbb2d7596db63a6c04930524f8cbd62466cf31ba1f710e55a5c9d1ae
199,D:/Mesdocuments/Photos/Sidney\DSC02399.JPG,95afa934ca6c364948536525b6cb2b337686db6b34904a4fe934b6dacb256496
200,D:/Mesdocuments/Photos/Sidney\DSC02401.JPG,8d6bb4d2b6b47e695b9b49522db2492d4a4c65a466646ede5a464aa859ca5ad9
201,D:/Mesdocuments/Photos/Sidney\DSC02402.JPG,95a5935b964d3496482d74dab6d66a5f172652c9f1b49a4b0d1b1b494db290bd
202,D:/Mesdocuments/Photos/Sidney\DSC02403.JPG,89512d51a8775792f3872a6f1569aad495524babf8357c54a0cb453a8b9dbac4
203,D:/Mesdocuments/Photos/Sidney\DSC02406.JPG,d56c81b333d73f4a9e01d10721afc93434d2924ce432d36dedfc9010cdc3fa6d
204,D:/Mesdocuments/Photos/Sidney\DSC02411.JPG,8db046242507b41f6c3ce4b9d6537e211f313c251cd31d4371f39bf37ae599a0
205,D:/Mesdocuments/Photos/Sidney\DSC02471.JPG,a5a8093fb77673241b9fc0f2ce3c7a815e8672e4c2307c4acff931b1c191363a
206,D:/Mesdocuments/Photos/Sidney\DSC02507.JPG,d87327cce10cd8b39646658c99279e7065dbd924b65862db0d65b231635acced
207,D:/Mesdocuments/Photos/Sidney\DSC02520.JPG,c2da2d25d2d229ac7e539660c18feef3b42c51b36e44057d5382f81157ec2b2f
208,D:/Mesdocuments/Photos/Sidney\DSC02521.JPG,c2523d25d2da2d273ed3812c41f3be4514ac7bf22c4f03ecbe1354f00b8df437
209,D:/Mesdocuments/Photos/Sidney\DSC02522.JPG,d1860a79f5a26a557d982263c98cee83fe25039e0ee630398fc7d50862fb3d55
210,D:/Mesdocuments/Photos/Sidney\DSC02524.JPG,e5041aebed35d2eaea5559ba3ead3641419a6fc6a84d17f9038688ded420562f
211,D:/Mesdocuments/Photos/Sidney\DSC02554.JPG,ad16db265b66636b969992d9d6c9664b6492d592459296d69264db34659164d7
212,D:/Mesdocuments/Photos/Sidney\DSC02587.JPG,d1ced1c6d8d6fa9576a52eed0d2b910ad040d2413e313cb02cf2d1efd3cdd219
213,D:/Mesdocuments/Photos/Sidney\DSC02588.JPG,d0c3d843bc53fa523af00eb484a5f008fb6a0eba3ebf2ce7d16cd1043f1b0eb8
214,D:/Mesdocuments/Photos/Sidney\DSC02590.JPG,d19dd38dd9a9f5ab75cb0d570f571907f082e0943d140f220e72b0f4f096e29e
215,D:/Mesdocuments/Photos/Sidney\DSC02593.JPG,8d278d2dbd5d88c884c8544a1b59ea6fc6fb2ef26e22f03280bb4759ee03b077
216,D:/Mesdocuments/Photos/Sidney\DSC02595.JPG,9dfb9c23bcf7880482d075703d02efefc7ad17a53e15609d63d826026612b9f8
217,D:/Mesdocuments/Photos/Sidney\P6140424.JPG,98d13e99e21d1fbbd082916c7b72a613acab4aad26e44e6442678c2fd96c94ed
218,D:/Mesdocuments/Photos/Sidney\P6140426.JPG,9109331b3522e536e5660cdb1adadae8d2de263327f36ed56ce4d99489819b83
219,D:/Mesdocuments/Photos/Sidney\P6140427.JPG,cd9b418223266819c99d7b0e35cdcee19eb337f930d8c9117c1371e829f10ff4
220,D:/Mesdocuments/Photos/Sidney\P6140430.JPG,86f6d03fad0358fc46843d32600d9efd2922f77b140469fbfe061060e9b99fd1
221,D:/Mesdocuments/Photos/Sidney\P6140431.JPG,b4ca656bc9331aa6948629dfb369494389485531f753c465d92eadd9dd179226
222,D:/Mesdocuments/Photos/Sidney\P6140433.JPG,aad662b672f2468548e931ebc42f4d6961aa736b6d1e6b4a6ce14b94cc7c48a9
